{
    "loss": [
        0.9948348999023438,
        0.5954779386520386,
        0.2181706428527832,
        0.03954734280705452,
        0.011421168223023415,
        0.005930702202022076,
        0.0037808616179972887,
        0.002597398590296507,
        0.0019911248236894608,
        0.0015996594447642565,
        0.0013399729505181313,
        0.0011609388748183846,
        0.0010801409371197224,
        0.0009162478963844478,
        0.000830814999062568,
        0.0007603617268614471,
        0.0006911084055900574,
        0.0006307490402832627,
        0.0005638200091198087,
        0.0005080937989987433,
        0.0004656993842218071,
        0.0004257318505551666,
        0.00040461699245497584,
        0.0003747114969883114,
        0.0003376193926669657,
        0.00030758450157009065,
        0.00028887781081721187,
        0.00027215288719162345,
        0.00025571882724761963,
        0.00024327771097887307,
        0.00023441055964212865,
        0.00022981982328929007,
        0.00021926143381278962,
        0.00020834924362134188,
        0.00020178178965579718,
        0.0001905276731122285,
        0.00018127427028957754,
        0.00017338228644803166,
        0.0001716321858111769,
        0.00016809965018182993,
        0.00015695442561991513,
        0.00015292689204216003,
        0.0001492682786192745,
        0.00014602394367102534,
        0.0001411314879078418,
        0.00013864591892343014,
        0.00013286469038575888,
        0.00013455303269438446,
        0.00012444972526282072,
        0.00012363193673081696
    ],
    "mae": [
        0.7990199327468872,
        0.6102374792098999,
        0.3414820730686188,
        0.13585370779037476,
        0.08279480040073395,
        0.05860929563641548,
        0.04784536361694336,
        0.03909830003976822,
        0.03458026796579361,
        0.03126741200685501,
        0.02849232777953148,
        0.026758771389722824,
        0.025987252593040466,
        0.023905714973807335,
        0.02284488081932068,
        0.02195761539041996,
        0.02091381698846817,
        0.019982492551207542,
        0.01885506696999073,
        0.017906809225678444,
        0.01715625822544098,
        0.01631646603345871,
        0.01591688022017479,
        0.015280378051102161,
        0.014517927542328835,
        0.01374892145395279,
        0.01327294297516346,
        0.012895911931991577,
        0.012407953850924969,
        0.012157090939581394,
        0.011914582923054695,
        0.01184786856174469,
        0.011510394513607025,
        0.011263502761721611,
        0.011020021513104439,
        0.010715017095208168,
        0.010476863011717796,
        0.010287589393556118,
        0.010208092629909515,
        0.010089856572449207,
        0.009784295223653316,
        0.009636799804866314,
        0.00956462137401104,
        0.00943981297314167,
        0.00926993228495121,
        0.009199455380439758,
        0.00898237805813551,
        0.009084212593734264,
        0.008685936219990253,
        0.008641678839921951
    ],
    "val_loss": [
        0.8365150690078735,
        0.41086849570274353,
        0.08604951947927475,
        0.020121414214372635,
        0.008214900270104408,
        0.005080617032945156,
        0.0033757686614990234,
        0.0025097376201301813,
        0.002037273021414876,
        0.0016848575323820114,
        0.0014371464494615793,
        0.0013566756388172507,
        0.0011213088873773813,
        0.0010085278190672398,
        0.0009185654926113784,
        0.0008284390205517411,
        0.0007381240138784051,
        0.0006822008872404695,
        0.0005962494760751724,
        0.0005337213515304029,
        0.0005139974527992308,
        0.000441115815192461,
        0.0004405752697493881,
        0.0003756485239136964,
        0.00035263822064734995,
        0.00032232454395852983,
        0.0003109398821834475,
        0.0002935703669209033,
        0.0002741572097875178,
        0.00026683672331273556,
        0.00024866065359674394,
        0.000281512679066509,
        0.0002330137649551034,
        0.00024160402244888246,
        0.00021949438087176532,
        0.00020600543939508498,
        0.0001972684112843126,
        0.0001988800649996847,
        0.00018842470308300108,
        0.00018879611161537468,
        0.00018615752924233675,
        0.00018156145233660936,
        0.0001760506274877116,
        0.0001650583726586774,
        0.00016545508697163314,
        0.00015919537690933794,
        0.00015823575085960329,
        0.00014597024710383266,
        0.00015125291247386485,
        0.0001506483240518719
    ],
    "val_mae": [
        0.7429634928703308,
        0.5021447539329529,
        0.2022966593503952,
        0.11489413678646088,
        0.071605384349823,
        0.056469403207302094,
        0.04595182090997696,
        0.03921973705291748,
        0.035561006516218185,
        0.032252613455057144,
        0.02977820113301277,
        0.029284704476594925,
        0.02640407346189022,
        0.02508210577070713,
        0.024058248847723007,
        0.023000067099928856,
        0.021447522565722466,
        0.020693443715572357,
        0.019256481900811195,
        0.0182791855186224,
        0.017752455547451973,
        0.016605976969003677,
        0.016343601047992706,
        0.015304292552173138,
        0.014932451769709587,
        0.014019705355167389,
        0.013678091578185558,
        0.013611352071166039,
        0.01292406301945448,
        0.012723224237561226,
        0.012236486189067364,
        0.012901467271149158,
        0.011842426843941212,
        0.012021135538816452,
        0.011370712891221046,
        0.010919417254626751,
        0.010651975870132446,
        0.010801550932228565,
        0.010467376559972763,
        0.010506467893719673,
        0.010427629575133324,
        0.010511158034205437,
        0.009992854669690132,
        0.009834949858486652,
        0.009945961646735668,
        0.009710682556033134,
        0.009786417707800865,
        0.009318671189248562,
        0.00925897341221571,
        0.009332680143415928
    ]
}