{
    "loss": [
        0.7828182578086853,
        0.27214497327804565,
        0.05351744219660759,
        0.03206159919500351,
        0.024204792454838753,
        0.022168774157762527,
        0.018041271716356277,
        0.018357690423727036,
        0.014620249159634113,
        0.014153527095913887,
        0.013676134869456291,
        0.012625491246581078,
        0.011689987033605576,
        0.011841243132948875,
        0.010826355777680874,
        0.01063561998307705,
        0.010845858603715897,
        0.009783007204532623,
        0.009510403499007225,
        0.008434423245489597,
        0.008868700824677944,
        0.00943942554295063,
        0.008163818158209324,
        0.008187882602214813,
        0.008784117177128792,
        0.009071932174265385,
        0.008904808200895786,
        0.007308566011488438,
        0.00755290687084198,
        0.00713814701884985,
        0.006346444133669138
    ],
    "mae": [
        0.7091829180717468,
        0.37356099486351013,
        0.17456431686878204,
        0.1368614286184311,
        0.12200204282999039,
        0.11140952259302139,
        0.10467968136072159,
        0.10190451145172119,
        0.09311950206756592,
        0.09032269567251205,
        0.0872294157743454,
        0.08542566001415253,
        0.08197653293609619,
        0.08168409019708633,
        0.07887987047433853,
        0.07718556374311447,
        0.07884692400693893,
        0.0736919492483139,
        0.0718158483505249,
        0.06941664218902588,
        0.07049135118722916,
        0.07208523899316788,
        0.0669553279876709,
        0.06719334423542023,
        0.06976985931396484,
        0.06945096701383591,
        0.06877149641513824,
        0.06398583203554153,
        0.06348901242017746,
        0.06254133582115173,
        0.0577935054898262
    ],
    "val_loss": [
        0.5864251255989075,
        0.09129536896944046,
        0.01896592415869236,
        0.01154721062630415,
        0.007583425845950842,
        0.005981442518532276,
        0.004063867963850498,
        0.0028465851210057735,
        0.0026167412288486958,
        0.001976794796064496,
        0.0018177852034568787,
        0.0015570864779874682,
        0.0013148216530680656,
        0.001981243258342147,
        0.0015774030471220613,
        0.0011821374064311385,
        0.0010144058614969254,
        0.0012414382072165608,
        0.000979742151685059,
        0.0008636433631181717,
        0.00086884421762079,
        0.000997906900011003,
        0.000685721286572516,
        0.0005703981732949615,
        0.0011269968235865235,
        0.0005664683994837105,
        0.0016884604701772332,
        0.000581325322855264,
        0.001390756224282086,
        0.0007106424309313297,
        0.000689755950588733
    ],
    "val_mae": [
        0.5966469645500183,
        0.19940900802612305,
        0.10586772859096527,
        0.08427219092845917,
        0.06765526533126831,
        0.0637812465429306,
        0.05002180486917496,
        0.0429200679063797,
        0.0412297323346138,
        0.035854097455739975,
        0.03372097387909889,
        0.03162338584661484,
        0.028609056025743484,
        0.034989576786756516,
        0.031190093606710434,
        0.0276787132024765,
        0.025361930951476097,
        0.02916732430458069,
        0.02387905679643154,
        0.022702693939208984,
        0.02328713983297348,
        0.025067731738090515,
        0.020444583147764206,
        0.018090281635522842,
        0.02700548991560936,
        0.018790386617183685,
        0.03243519365787506,
        0.019381728023290634,
        0.028591956943273544,
        0.021042682230472565,
        0.020646940916776657
    ]
}